,theme,summary
0,Agriculture and livestock management,"The targets across the Nationally Determined Contributions (NDC), National Biodiversity Strategies and Action Plans (NBSAP), and other frameworks demonstrate a shared commitment to enhancing agricultural resilience and productivity. The NDC emphasizes scaling up climate-smart agriculture and strengthening rangeland management, aligning with the NBSAP's focus on maintaining genetic diversity and promoting biodiversity-friendly practices. Additionally, the Other Targets highlight the importance of climate-smart practices and reducing post-harvest losses, which complements the objectives outlined in the NDC and NBSAP. While the aligned target pairs suggest potential synergies in conservation and adaptation strategies, no insights were identified regarding direct overlaps or gaps among the targets. Overall, these policies collectively support sustainable agriculture and livestock management, fostering resilience in the face of climate change."
1,"Agriculture, Forestry, and Other Land Use (AFOLU)","The targets across the Nationally Determined Contributions (NDC), National Biodiversity Strategy and Action Plan (NBSAP), and other relevant policies demonstrate a notable alignment in promoting sustainable land use practices within the Agriculture, Forestry, and Other Land Use (AFOLU) theme. For instance, both the NDC and NBSAP emphasize participatory forest management and ecosystem restoration, indicating a shared commitment to enhancing biodiversity and ecosystem services. Additionally, the National Climate Change Resilience Strategy (NCCRS) and the National Ecosystem Management Plan (NEMP) align with the NDC's focus on afforestation and sustainable land management, suggesting potential synergies in achieving climate-smart agricultural practices. Overall, these targets collectively support the overarching goal of sustainable land use and ecosystem resilience."
2,Capacity buildingand development,"The targets across the Nationally Determined Contributions (NDC), National Biodiversity Strategy and Action Plan (NBSAP), and other policies demonstrate a strong focus on capacity building and development, particularly in knowledge sharing and technology transfer. The NBSAP emphasizes the implementation of guidelines for access to genetic resources and the integration of biodiversity values into national strategies, which aligns with the educational initiatives outlined in the National Climate Change Response Strategy (NCCRS) and the National Disaster Management Strategy (NDMS). Notably, the aligned target pair highlights a potential synergy between climate-proofing infrastructure and enhancing community resilience, suggesting that integrating these approaches could strengthen overall capacity building efforts. Overall, these targets collectively underscore the importance of fostering knowledge and institutional strengthening to address biodiversity and climate challenges effectively."
3,Climate change adaptation and mitigation,"The targets across the Nationally Determined Contributions (NDC), National Biodiversity Strategy and Action Plan (NBSAP), and other policies demonstrate a strong focus on climate change adaptation and mitigation. Notably, the NDC emphasizes strengthening coastal resource management and promoting climate-resilient energy systems, which aligns with the NBSAP's goal of enhancing biodiversity and ecosystem management. Additionally, the National Climate Change Resilience Strategy (NCCRS) targets integrating climate adaptation into national plans, which resonates with the objectives of the National Disaster Management Strategy (NDMS) to promote innovative technologies for disaster risk management. Overall, these policies collectively underscore the importance of sustainable practices and resilience-building in addressing climate change impacts."
4,"Desertification, drought, and land degradation","The targets across the Nationally Determined Contributions (NDC) and the National Biodiversity Strategy and Action Plan (NBSAP) emphasize enhancing climate resilience and restoring degraded ecosystems, respectively. The NDC targets focus on strengthening climate-resilient rangeland management and integrating climate resilience into land-use planning, which aligns with the NBSAP's goal of restoring 30% of degraded ecosystems by 2030 to enhance biodiversity. Additionally, the Other Targets, including the National Climate Change Resilience Strategy (NCCRS) and the National Ecosystem Management Plan (NEMP), aim to decrease deforestation and implement sustainable land management practices, further supporting the overarching theme of combating desertification and land degradation. Overall, these targets collectively promote sustainable land management and ecosystem restoration, contributing to long-term environmental sustainability."
5,Ecosystem protection and connectivity,"The targets across the Nationally Determined Contributions (NDC) and the National Biodiversity Strategy and Action Plan (NBSAP) demonstrate a strong focus on ecosystem protection and connectivity. Notably, the NDC emphasizes participatory forest management and large-scale restoration, aligning with NBSAP's goals of reducing biodiversity loss and enhancing ecosystem functions by 2030. The alignment pairs highlight synergies, particularly in addressing climate change impacts on ecosystems and promoting effective spatial planning. Additionally, the Other Targets section complements these efforts by focusing on rehabilitating degraded coastal zones and managing bee reserves, further supporting the overarching theme of ecosystem connectivity. Overall, these policies collectively contribute to a comprehensive approach to ecosystem protection."
6,Forest management and protection,"The targets across the Nationally Determined Contributions (NDC), National Biodiversity Strategy and Action Plan (NBSAP), and other policies demonstrate a shared commitment to forest management and protection. Notably, the NDC emphasizes participatory forest management and afforestation efforts, which align with NBSAP's focus on enhancing biodiversity-friendly practices and ecosystem restoration. The National Climate Change Response Strategy (NCCRS) and the National Ecosystem Management Plan (NEMP) further support these objectives by addressing deforestation rates and ecosystem restoration. While some targets exhibit strong alignment, particularly in promoting sustainable practices and community engagement, others do not appear to have direct connections, indicating potential areas for enhanced synergy. Overall, the integration of these targets could foster a more cohesive approach to sustainable forest management."
7,Gender equality,"The targets across the Nationally Determined Contributions (NDC) and the National Biodiversity Strategy and Action Plan (NBSAP) reflect a commitment to gender equality, particularly in addressing the needs of vulnerable groups. The NDC emphasizes the importance of adaptation actions that consider inequalities affecting women and other marginalized communities. In contrast, the NBSAP outlines specific goals for enhancing women's rights and participation in biodiversity management, ensuring equitable access to resources, and improving informed participation in decision-making processes. The aligned target pair highlights a potential synergy between participatory forest management in the NDC and the conservation of threatened species in the NBSAP, suggesting a collaborative approach to achieving gender-responsive environmental outcomes. Overall, these targets collectively underscore the significance of integrating gender considerations into environmental policies."
8,Grassland management and protection,"The targets across the Nationally Determined Contributions (NDC), National Biodiversity Strategy and Action Plan (NBSAP), and other relevant policies demonstrate a commitment to grassland management and protection. The NDC emphasizes strengthening climate-resilient rangeland management, while the NBSAP outlines specific restoration and conservation goals for various ecosystems, including wetlands and coastal areas. Additionally, the National Climate Change Resilience Strategy (NCCRS) targets improved rangeland management and coastal zone rehabilitation, aligning with the broader objectives of ecosystem restoration. However, no insights were identified regarding the aligned target pairs, as they pertain to waste management rather than grassland management. Overall, these targets collectively reflect a strategic approach to enhancing ecosystem integrity and resilience."
9,Nature-based carbon sequestration,"The targets across the Nationally Determined Contributions (NDC), National Biodiversity Strategies and Action Plans (NBSAP), and other policies demonstrate a shared commitment to nature-based carbon sequestration. The NDC emphasizes afforestation and large-scale restoration, aligning with the NBSAP's focus on restoring degraded ecosystems and enhancing biodiversity. Additionally, the National Climate Change Resilience Strategy (NCCRS) aims to decrease deforestation and restore degraded forests, which complements the NBSAP's goal of maintaining ecosystem integrity. The aligned target pairs highlight the importance of gender mainstreaming and informed participation in conservation efforts, suggesting a potential synergy in enhancing community engagement across these initiatives. Overall, these targets collectively support the overarching theme of enhancing carbon sequestration through ecosystem restoration and management."
10,Pollution,"The targets across the Nationally Determined Contributions (NDC), National Biodiversity Strategy and Action Plan (NBSAP), and various other policies demonstrate a cohesive commitment to addressing pollution. The NDC emphasizes enhancing reuse, reduction, and recycling (3R) practices, while the NBSAP sets a significant goal of reducing plastic, nutrient, and pesticide pollution by 50% by 2030. Other targets, such as those from the National Climate Change Response Strategy (NCCRS) and the National Solid Waste Management Strategy (NSWMS), further reinforce this focus by promoting modern waste management and achieving substantial waste reduction through recycling initiatives. The alignment potential identified in the paired targets suggests a broader synergy in enhancing agricultural practices and food security, which could be further explored to strengthen overall pollution reduction efforts."
11,Protection and restoration of wetlands and freshwater ecosystems,"The targets outlined in the National Biodiversity Strategy and Action Plan (NBSAP) emphasize the importance of effective management and restoration of wetlands and freshwater ecosystems, aiming for significant conservation and restoration by 2030. In contrast, the National Climate Change Resilience Strategy (NCCRS) focuses on enhancing livestock resilience through improved rangeland management, which indirectly supports the protection of grasslands and related ecosystems. The alignment potential identified between waste management initiatives in the NCCRS and the National Solid Waste Management Strategy (NSWMS) suggests a broader approach to ecosystem health, although these targets do not directly address wetland and freshwater ecosystems. Overall, while there are synergies in ecosystem management, specific alignment on wetland protection appears limited."
12,"Protection, management, and restoration of marine and coastal zones","The targets across the Nationally Determined Contributions (NDC) and the National Biodiversity Strategy and Action Plan (NBSAP) reflect a strong commitment to the protection, management, and restoration of marine and coastal zones. The NDC emphasizes the need to protect coastal communities and ecosystems from sea-level rise and promote climate-smart fisheries, aligning with NBSAP's focus on reducing biodiversity loss and ensuring effective management of marine areas. Additionally, the NBSAP targets highlight the importance of restoring degraded ecosystems and conserving critical habitats, which complements the NDC's resource management goals. The National Climate Change Resilience Strategy (NCCRS) further supports these efforts by aiming to rehabilitate or sustainably manage a significant portion of degraded coastal zones. Overall, these policies collectively underscore a comprehensive approach to enhancing marine ecosystem resilience and sustainability."
13,Risk management and disaster prevention,"The targets across the Nationally Determined Contributions (NDC), National Biodiversity Strategies and Action Plans (NBSAP), and other relevant policies demonstrate a cohesive focus on risk management and disaster prevention. Notably, the NDC's emphasis on improving early warning systems aligns with the National Disaster Management Strategy (NDMS) target aimed at increasing understanding and management of climate change-related disaster risks, suggesting a potential synergy in enhancing disaster preparedness. Additionally, the NBSAP's goal to reduce pollution and invasive species complements the broader objectives of disaster risk reduction outlined in the NDMS, indicating a shared commitment to environmental resilience. Overall, these targets collectively underscore the importance of integrated approaches to mitigate risks and enhance adaptive capacities within the agricultural sector and beyond."
14,Soil management,"The targets across the Nationally Determined Contributions (NDC) and the National Biodiversity Strategies and Action Plans (NBSAP) reflect a commitment to enhancing soil management through various approaches. The NDC emphasizes scaling up climate-smart agriculture, which aligns with the NBSAP's focus on restoring degraded ecosystems and promoting agro-ecological practices to improve crop productivity and food security. Additionally, the Other Targets category highlights the implementation of sustainable land management practices to combat land degradation. The aligned target pair suggests a potential synergy between acquiring adaptation technologies and conserving biodiversity, indicating a broader opportunity for integrated soil management strategies. Overall, these targets collectively underscore the importance of sustainable practices in enhancing soil health and ecosystem resilience."
15,Species conservation and ecosystems,"The targets across the Nationally Determined Contributions (NDC) and the National Biodiversity Strategy and Action Plan (NBSAP) demonstrate a strong alignment in addressing species conservation and ecosystem management. Notably, both policies emphasize the importance of sustainable management of wild species and the safeguarding of vulnerable communities, highlighting a shared commitment to equity and inclusivity. The NBSAP's focus on reducing biodiversity loss and enhancing ecosystem functions complements the NDC's adaptation strategies, particularly in addressing inequalities faced by marginalized groups. Additionally, the NBSAP's targets for effective planning and management of ecosystems align with the National Ecosystem Management Plan (NEMP) goals of restoring degraded landscapes, indicating potential synergies in implementation. Overall, these policies collectively support the overarching theme of species conservation and ecosystem resilience."
16,Value chain management,"The targets outlined in the National Biodiversity Strategy and Action Plan (NBSAP) emphasize enhancing biodiversity-friendly practices and reducing post-harvest losses by 30% by 2030, which aligns with the overarching theme of value chain management. The National Climate Change Response Strategy (NCCRS) aims to reduce post-harvest losses of crops by 40%, indicating a strong focus on improving food systems and resource use. Additionally, the National Beekeeping Policy and Implementation Strategy (NBPIS) seeks to enhance sustainable supply chains for bee products, contributing to improved resource management. While there are no explicitly identified aligned target pairs, the targets collectively underscore a commitment to sustainable practices within the food value chain, suggesting potential synergies in implementation."
17,Water management,"The targets across the Nationally Determined Contributions (NDC), National Biodiversity Strategy and Action Plan (NBSAP), and other policies demonstrate a concerted effort towards enhancing water management. The NDC emphasizes increasing access to safe water and adopting climate-smart integrated water resource management, aligning with the NBSAP's focus on participatory spatial planning and ecosystem management. Notably, the alignment between the NDC's climate resilience initiatives and the NBSAP's ecosystem management underscores a shared commitment to safeguarding water resources. Additionally, the targets from the National Environmental Management Plan (NEMP) complement these efforts by advocating for sustainable land management practices, which could further enhance water quality and security. Overall, these policies collectively reflect a holistic approach to sustainable water management."
