,Theme,Summary
0,Agriculture and livestock management,"The NBT and NDC targets exhibit significant alignment in promoting sustainable agricultural practices and enhancing resilience within the agricultural sector. Both policies emphasize the importance of climate-smart infrastructure, sustainable management of resources, and the integration of biodiversity to improve food security. For instance, the NBT's focus on establishing criteria for sustainable management complements the NDC's initiatives to restore livelihoods through climate-smart infrastructure. While there is general alignment on enhancing farmer engagement and capacity-building, some divergence is observed in the specific approaches to nutrient management and financial incentives. Overall, the NBT and NDC targets collectively support a vision for sustainable agriculture and livestock management."
1,"Agriculture, Forestry, and Other Land Use (AFOLU)","The analysis reveals a strong alignment between the NDC and National Biodiversity Targets (NBT) regarding sustainable land management and biodiversity conservation. Both policies emphasize the importance of enhancing agricultural resilience and promoting sustainable practices to support food security and ecosystem health. For instance, the NBT's focus on participatory spatial planning complements the NDC's commitment to strengthening agricultural practices. While there is general alignment on the need for sustainable resource management, some divergence is observed in the specific approaches to implementation and monitoring. Overall, the NBT and NDC could consider further integration of their strategies to enhance synergies in achieving their respective targets."
2,Capacity building and development,"The analysis reveals significant alignment between the NDC and National Biodiversity Targets, particularly in areas such as capacity building, sustainable management, and community engagement. Both policies emphasize the importance of enhancing agricultural resilience and promoting sustainable practices to support local communities and ecosystems. For instance, the focus on developing monitoring programs and management plans in the NBT aligns well with the NDC's goals of strengthening agricultural practices and identifying vulnerable ecosystems. While there is a shared commitment to knowledge sharing and capacity building, some divergence is observed in the specific approaches to implementation. Overall, the targets present meaningful opportunities for synergy in advancing sustainability objectives."
3,Climate change adaptation and mitigation,"The NBT and NDC targets exhibit significant alignment in their focus on enhancing ecosystem resilience and promoting sustainable agricultural practices. Both policies emphasize the importance of rehabilitation and management of ecosystems, with specific targets aimed at restoring biodiversity and improving food security. While there is general alignment in the objectives, some divergence is observed in the emphasis on specific practices, such as the NBT's focus on nature-based solutions and the NDC's broader approach to agricultural resilience. Additionally, the NBT highlights the role of large enterprises in sustainable production, which complements the NDC's emphasis on supporting farmers and coastal communities. Overall, the targets present meaningful opportunities for synergy in climate change adaptation and mitigation efforts."
4,"Desertification, drought, and land degradation","The NBT and NDC targets exhibit significant alignment in their focus on sustainable land management, ecosystem restoration, and enhancing resilience to climate change. Both policies emphasize the importance of rehabilitating degraded ecosystems and promoting nature-based solutions to support biodiversity and ecosystem services. For instance, the NBT's commitment to implementing rehabilitation plans in degraded areas aligns closely with the NDC's similar objectives, particularly in regions affected by conflict. While there is general agreement on the need for sustainable agricultural practices, the NDC could consider further integrating financial incentives for farmers, as highlighted in the NBT. Overall, these synergies present opportunities for cohesive action towards addressing desertification, drought, and land degradation."
5,Ecosystem protection and connectivity,"The NDC and National Biodiversity Targets exhibit significant alignment in their objectives related to ecosystem protection and connectivity. Both emphasize the sustainable management of natural resources, restoration of degraded landscapes, and the importance of community engagement in conservation efforts. Notably, they share a commitment to enhancing biodiversity resilience against climate change impacts and implementing rehabilitation plans for various ecosystems. While there is general alignment in promoting biodiversity conservation, some divergence is observed in the specific metrics and timelines set forth. Overall, the synergy between these frameworks presents opportunities for integrated approaches to achieving shared conservation goals."
6,"Forest management, and protection","The NBT and NDC targets exhibit significant alignment in their focus on sustainable forest management and biodiversity conservation. Both emphasize the importance of participatory approaches, community engagement, and the restoration of degraded landscapes. For instance, the NBT's commitment to ensuring effective management of natural ecosystems aligns well with the NDC's goals of promoting sustainable resource use and enhancing forest cover. While there is general alignment, some divergence is observed in the specific mechanisms proposed, such as financial incentives and capacity building for law enforcement. Overall, the targets collectively underscore a shared vision for sustainable forestry practices and ecosystem resilience."
7,Gender equality,"The targets collectively emphasize the importance of gender equality in biodiversity decision-making and management. They advocate for inclusive participation of women and marginalized groups, promote gender-responsive policies, and aim to enhance awareness of women's contributions to biodiversity conservation, thereby aligning with the overarching theme of gender equality and women's rights."
8,Grassland management and protection,"The NBT and NDC targets exhibit significant alignment in promoting sustainable management of natural resources, emphasizing the restoration of degraded ecosystems and enhancing biodiversity. Both policies advocate for the implementation of rehabilitation plans in degraded areas, highlighting a shared commitment to ecological integrity and the sustainable use of biodiversity. While there is general agreement on the importance of participatory management and the integration of sustainable practices in agriculture and forestry, some divergence is observed in the specific mechanisms proposed for achieving these goals. The NBT emphasizes legal frameworks and financial incentives, whereas the NDC focuses on capacity building and resource restoration. Overall, these targets present meaningful opportunities for synergy in grassland management and protection."
9,Nature-based carbon sequestration,"The NBT and NDC targets exhibit significant alignment in their focus on ecosystem rehabilitation and restoration, particularly in degraded landscapes and vulnerable ecosystems. Both policies emphasize the importance of enhancing ecological integrity and connectivity while promoting sustainable resource use. Notably, the NBT's commitment to pilot rehabilitation in key sites complements the NDC's broader goals of restoring lands affected by war and increasing forest cover. While there is general agreement on the need for nature-based solutions, some divergence is observed in the specific approaches to urban planning and financial incentives for ecosystem restoration. Overall, these synergies present opportunities for integrated strategies across the NBT, NDC, and other targets."
10,Pollution,"The NBT and NDC targets exhibit significant alignment in addressing pollution through various strategies, such as enhancing biodiversity management and implementing rehabilitation plans for degraded ecosystems. Both policies emphasize the importance of sustainable practices in agriculture, aquaculture, and forestry to mitigate pollution impacts. Notably, the NBT's focus on reducing plastic pollution aligns with the NDC's commitment to preserving water quality through effective wastewater treatment. While there is general agreement on the need for public awareness and capacity building, some divergence is observed in the specific approaches to managing pollutants and promoting sustainable consumption choices. Overall, these targets collectively aim to foster a more sustainable and resilient environment."
11,Protection and restoration of wetlands and freshwater ecosystems,"The NBT and NDC targets exhibit significant alignment in their focus on the rehabilitation and sustainable management of wetlands and freshwater ecosystems. Both policies emphasize the implementation of rehabilitation plans for degraded ecosystems, with the NBT aiming for 20% by 2030, while the NDC supports integrated watershed management and climate-resilient practices. Additionally, both frameworks prioritize the monitoring of ecosystem health and the adoption of nature-based solutions to enhance biodiversity and ecosystem services. Some divergence is observed in the specific approaches and metrics, such as the NBT's emphasis on pilot rehabilitation sites and the NDC's broader focus on wastewater treatment and stormwater management. Overall, these synergies present opportunities for cohesive action towards the protection and restoration of vital ecosystems."
12,"Protection, management, and restoration of marine and coastal zones","The analysis reveals significant alignment between the NBT and NDC targets regarding the protection, management, and restoration of marine and coastal zones. Both policies emphasize the importance of developing marine spatial plans, conducting vulnerability assessments, and implementing rehabilitation plans for degraded ecosystems. Additionally, there is a shared focus on sustainable management practices for fisheries and aquaculture, which could enhance resilience and food security. While the NBT highlights the need for a national biodiversity finance plan, the NDC underscores the importance of supporting coastal communities, suggesting a complementary approach. Overall, the targets present meaningful synergies that could be leveraged for effective marine and coastal management."
13,Risk management and disaster prevention,"The NBT and NDC targets exhibit significant alignment in their focus on enhancing agricultural resilience and managing biodiversity to mitigate climate-related risks. Both policies emphasize the importance of sustainable practices, with the NBT advocating for the management of agriculture, aquaculture, and forestry, while the NDC highlights strengthening the agricultural sector's resilience. Additionally, both frameworks prioritize the identification and assessment of vulnerable ecosystems, indicating a shared commitment to disaster risk reduction and ecosystem-based approaches. Some divergence is observed in the specific mechanisms proposed, such as the NBT's emphasis on legislative measures and awareness campaigns, which could consider further integration with the NDC's focus on early-warning systems and community-based initiatives. Overall, meaningful synergies exist between the two sets of targets."
14,Soil fertility management and restoration,"The NBT and NDC targets exhibit significant alignment in their focus on ecosystem restoration and sustainable agricultural practices. Both policies emphasize the implementation of rehabilitation plans for degraded ecosystems, highlighting the importance of enhancing ecological integrity and connectivity. Additionally, they share a commitment to strengthening agricultural resilience through sustainable practices that promote environmental stability and food security. While the NBT targets specifically mention nutrient management and financial incentives for sustainable practices, the NDC targets reinforce these themes by advocating for the sustainable management of agriculture, aquaculture, fisheries, and forestry. Overall, the synergy between these targets presents opportunities for integrated approaches to soil fertility management and restoration."
15,Species conservation and ecosystems,"The NBT and NDC targets demonstrate significant alignment in their focus on sustainable management and conservation of biodiversity. Both emphasize the importance of integrating local community participation and addressing climate change impacts on ecosystems. For instance, the NBT's commitment to ensuring that 20% of natural ecosystems are effectively managed aligns with the NDC's goals for sustainable resource use and ecosystem restoration. While there is general alignment in promoting biodiversity conservation, some divergence is observed in the specific mechanisms proposed for achieving these goals, such as the emphasis on corporate social responsibility in the NDC. Overall, the targets collectively aim to enhance ecosystem resilience and sustainability."
16,Sustainable development and the SDGs,"The NBT and NDC targets exhibit significant alignment in promoting sustainable practices and enhancing resilience across various sectors. Both emphasize the importance of integrating biodiversity conservation into agricultural strategies, with a focus on sustainable resource management and community engagement. For instance, the NBT's commitment to participatory spatial planning complements the NDC's goals of strengthening agricultural resilience and supporting coastal communities. While there is general alignment in objectives, some divergence is observed in the specific approaches to implementation, particularly regarding financial incentives and capacity-building initiatives. Overall, the targets collectively aim to foster sustainable development and biodiversity conservation."
17,Value chain management,"The NBT and NDC targets exhibit significant alignment in promoting sustainable practices across various sectors, particularly in enhancing agricultural resilience and biodiversity management. Both policies emphasize the sustainable use of resources and the importance of supporting farmers through financial incentives and infrastructure improvements. While there is general alignment in objectives such as strengthening food security and promoting sustainable consumption choices, some divergence is observed in the specific approaches to achieving these goals. For instance, the NBT focuses on the management of wild species, whereas the NDC emphasizes climate-smart infrastructure. Overall, the NBT and NDC targets present meaningful opportunities for synergy in value chain management."
18,Water management,"The NBT and NDC targets demonstrate significant alignment in their focus on ecosystem rehabilitation and sustainable water management practices. Both policies emphasize the importance of restoring degraded ecosystems and enhancing water resource management through integrated approaches. For instance, the NBT's commitment to implementing rehabilitation plans in degraded ecosystems aligns with the NDC's focus on integrated watershed management and climate-resilient infrastructure. Additionally, both policies highlight the need for sustainable agricultural practices that enhance resilience and productivity. While there is general alignment, some divergence is observed in the specific methodologies proposed for achieving these goals, suggesting that further integration could enhance overall effectiveness in water management initiatives."
